{"metadata":{"asset_id":"4fe0fb32-bab7-4708-868e-512dae09e6b6","asset_attributes":["data_asset"],"name":"covid.csv","asset_type":"data_asset","created_at":"2021-12-27T07:48:44Z","description":"","origin_country":"us","owner_id":"IBMid-662002WOW2","project_id":"7d2f7adf-c8ad-402e-9c4e-649a0f301677","size":9068,"tags":[],"usage":{"last_update_time":1640591325463,"last_updated_at":"2021-12-27T07:48:45Z"}},"entity":{"data_asset":{"mime_type":"text/csv","dataset":false}},"attachments":[{"id":"c9091cd5-2771-4cb6-93ef-9840bb817fe6","version":2,"asset_type":"data_asset","name":"covid.csv","mime":"text/csv","datasource_type":"193a97c1-4475-4a19-b90c-295c4fdc6517","object_key":"covid.csv","creator_id":"IBMid-662002WOW2","create_time":1640591325463,"size":9068,"is_remote":false,"is_managed":false,"is_referenced":true,"is_object_key_read_only":true,"is_user_provided_path_key":true,"transfer_complete":true,"is_partitioned":false,"complete_time_ticks":1640591325463,"user_data":{},"test_doc":0,"handle":{"bucket":"rintrofinal-donotdelete-pr-zyv3dfomr5s4ab","location":"us-geo","key":"covid.csv","upload_id":"done","max_part_num":1},"usage":{"access_count":0,"last_accessor_id":"IBMid-662002WOW2","last_access_time":1640591325463}}]}
