{"metadata":{"asset_id":"5a51331a-3707-47df-8da1-88669bae2704","asset_attributes":["notebook"],"name":"intro-r-","asset_type":"notebook","created_at":"2021-12-27T02:39:34Z","description":"Final Project","origin_country":"us","owner_id":"IBMid-662002WOW2","project_id":"7d2f7adf-c8ad-402e-9c4e-649a0f301677","size":2117789,"tags":["notebook"],"usage":{"last_update_time":1640596344112,"last_updated_at":"2021-12-27T09:12:24Z"}},"entity":{"notebook":{"kernel":{"name":"r","display_name":"R 3.6","language":"R"},"originates_from":{"type":"blank"},"runtime":{"environment":"conda4r36py38"}}},"attachments":[{"id":"e8466c48-1e9e-4f3e-8b9b-1b6b2b3344ea","version":2,"asset_type":"notebook","name":"attachment for notebook 5a51331a-3707-47df-8da1-88669bae2704","description":"attachment for notebook 5a51331a-3707-47df-8da1-88669bae2704","mime":"application/json","datasource_type":"193a97c1-4475-4a19-b90c-295c4fdc6517","object_key":"notebook/intro-r-_qcNAZ7I7A.ipynb","creator_id":"IBMid-662002WOW2","create_time":1640572774949,"size":2117789,"is_remote":false,"is_managed":false,"is_referenced":true,"is_object_key_read_only":false,"is_user_provided_path_key":true,"transfer_complete":true,"is_partitioned":false,"complete_time_ticks":1640572774949,"user_data":{},"test_doc":0,"handle":{"bucket":"rintrofinal-donotdelete-pr-zyv3dfomr5s4ab","location":"us-geo","key":"notebook/intro-r-_qcNAZ7I7A.ipynb","upload_id":"done","max_part_num":1},"usage":{"access_count":94,"last_accessor_id":"IBMid-662002WOW2","last_access_time":1640596344111,"last_updater_id":"IBMid-662002WOW2","last_update_time":1640596344111}}]}
